id;company;first_name;last_name;email;phone_number;insurance_provider
1;fuchsia;Audie;Sanford;Ole_Kling76@gmail.com;1786;back-end 4th generation
2;Principal Savings Account online;Jayden;Abbott;Lavina_Cassin@gmail.com;24753;Hawaii Networked
3;Handcrafted Rubber Gloves;Domenico;McKenzie;Hope.Hagenes14@hotmail.com;1162;Handcrafted Cotton Shirt Walks
4;port payment;Nikki;Stokes;Orville72@hotmail.com;48050;Rustic Configurable Planner
5;Health;Jaylen;Mosciski;Maymie_Hegmann@gmail.com;977;approach Borders Unbranded
6;Small bypassing;Florencio;Hyatt;Brennon.Wolff@gmail.com;68946;neural green Chicken
7;Web;Bradley;Purdy;Alexandrea_Medhurst5@hotmail.com;61294;orchestration Accountability
8;alarm neural seamless;Rasheed;Kub;Magnus_Tremblay@gmail.com;59747;online Port Sleek Wooden Fish
9;Handmade Generic Concrete Tuna;Carmine;Kris;Levi97@hotmail.com;47018;override PNG
10;deposit Avon;Kaylah;Aufderhar;Madaline99@hotmail.com;54247;Borders Intelligent whiteboard
