id;company;first_name;last_name;email;dot;mc;phone_number;address;street_address;city;state_province;country;postal_code;billing_address_id
1;incentivize purple;Lukas;Skiles;Winfield_Cole@yahoo.com;17167;69122;27230;Sports Global Soft;Bedfordshire Awesome Cotton Tuna;Lake Milton;Small;USA;Future;1
2;pixel Phased payment;Jermain;Dare;Taurean.Smitham@yahoo.com;38313;77091;51891;Fantastic Wooden Chips microchip;Generic;Framiton;compressing action-items;MEXICO;methodology West Virginia Keys;2
3;Factors Soft;Jayne;Eichmann;Alexandre16@gmail.com;59507;84152;5142;Cambridgeshire Savings Account extensible;Course robust bricks-and-clicks;South Meagan;Investment Account Forge Licensed;MEXICO;Yemeni Rial;3
4;Toys;Beatrice;Hessel;Audra_Schoen13@gmail.com;79001;95023;69056;Cocos (Keeling) Islands Awesome;USB alarm 1080p;Mittiechester;parsing Triple-buffered;CANADA;Rand Namibia Dollar;4
5;Branding;Alivia;Baumbach;Lacy.Walsh55@hotmail.com;56794;47321;91548;Music;card azure Frozen;Port Perry;program Refined Granite Gloves;MEXICO;Baby Money Market Account;5
6;Connecticut;Jayde;Blick;Mauricio.Lehner@hotmail.com;72476;40448;6535;projection Maldives;withdrawal alarm Timor-Leste;New Selmer;web-readiness;MEXICO;Books CSS Holy See (Vatican City State);6
7;Data Tasty Steel Pants Licensed Steel Shirt;Alice;Kris;Liza.McClure98@yahoo.com;39828;76827;9169;killer Russian Federation;Adaptive Practical B2C;Lake Elenor;Persevering Gorgeous Steel Salad Associate;USA;whiteboard Concrete;7
8;Data open-source Generic;Hayley;Wunsch;Shawna.Welch@hotmail.com;90372;61341;98918;parse;Intuitive;Smithamfurt;Auto Loan Account;USA;Intelligent Cotton Bike;8
9;lavender;Orval;Shanahan;Precious_Beer@yahoo.com;21632;88378;51826;Personal Loan Account Chile foreground;connect Zimbabwe Dollar;Port Rayview;Savings Account;CANADA;Personal Loan Account;9
10;SDD Trail;Giovanni;Gislason;Brayan.Krajcik95@gmail.com;85219;86212;3542;monitoring Infrastructure bandwidth;ROI;North Devan;protocol Borders Tasty;USA;Senior Facilitator Sleek Fresh Shoes;10
