id;company;first_name;last_name;email;phone_number;licence_number;dob
1;Practical Steel Mouse;Dessie;Spencer;Chaim_Stroman41@yahoo.com;74270;84624;2019-11-18
2;bricks-and-clicks drive;Xavier;Labadie;Kariane_Streich@gmail.com;58805;43861;2019-11-19
3;target Auto Loan Account Personal Loan Account;Pearlie;Johnston;Doyle.Zemlak@yahoo.com;91236;35915;2019-11-19
4;Investment Account invoice;Mozell;Feest;Oral_Rau@gmail.com;60185;17968;2019-11-18
5;redefine;Jon;Davis;Rubye.Bernhard@yahoo.com;24723;9739;2019-11-18
6;Pike Borders;Floy;Ondricka;Austen.Cruickshank@yahoo.com;31214;96941;2019-11-18
7;SMTP;Adelbert;Hane;Oma39@yahoo.com;96982;23702;2019-11-18
8;Team-oriented;Anya;Kiehn;Erwin.Leannon@gmail.com;66939;82888;2019-11-19
9;Forge New Mexico;Uriah;Quigley;Caterina37@gmail.com;3667;60553;2019-11-18
10;payment Spur;Rosalind;Purdy;Isabella_McDermott55@hotmail.com;20584;53990;2019-11-19
