id;address;street_address;city;state_province;country;postal_code
1;zero defect;Granite;Port Amelytown;Concrete Estate;USA;Sleek
2;Handcrafted Wooden Shirt Architect;UAE Dirham Automotive model;Stromanstad;Open-architected Lebanon;MEXICO;Wooden Music
3;Metal;lime Chilean Peso Unidades de fomento Officer;Lake Margarettaland;Synergistic Officer;MEXICO;parsing Identity
4;Health Polarised transmitting;Rhode Island Music Data;Terryfurt;lavender invoice;MEXICO;Colorado world-class
5;Orchestrator;utilisation;Jakubowskishire;transmit Awesome optimal;MEXICO;unleash system engine
6;schemas Legacy SAS;metrics;Hirtheland;Nigeria;USA;withdrawal
7;mesh Iceland Krona;Jordan Savings Account;Garettview;Movies;CANADA;Pakistan Rupee
8;connect Berkshire;XSS Suriname;Port Alden;leading-edge enable synthesize;USA;Place unleash
9;1080p monitor;Andorra overriding synergies;Oberbrunnerton;Functionality invoice streamline;MEXICO;mission-critical Rustic
10;Money Market Account Fiji;system engine haptic Moldova;North Leonel;interface zero administration networks;CANADA;Metal
