id;company;first_name;last_name;dot;mc;email;phone_number;insurance_provider
1;Virginia generating;Fanny;Olson;67801;54377;Sam_Gleason52@yahoo.com;79742;deposit hacking GB
2;next-generation Quality-focused Quality;Benjamin;Mosciski;69899;75271;Carmella_Thompson87@gmail.com;46547;SAS
3;Fresh;Estrella;Farrell;74350;90870;Abbey_Schumm@gmail.com;75663;Adaptive black
4;Money Market Account;Willard;Macejkovic;63181;11584;Garth53@gmail.com;81867;Wooden radical Beauty
5;Facilitator 24/365;Lora;Davis;93202;75369;Pasquale68@gmail.com;77085;Paradigm
6;application;Annamae;Quigley;58217;47357;Anderson4@yahoo.com;85241;Strategist Yemeni Rial Shoals
7;Rubber navigate;Alberto;Bergstrom;2212;82151;Gaetano_Kuhlman25@gmail.com;68329;Dam
8;Wells;Tyreek;Kautzer;10219;45138;Casandra_Leffler69@hotmail.com;29837;bypassing
9;Kroon deposit systemic;Valerie;Windler;15105;3130;Mortimer.Welch85@yahoo.com;63852;unleash grid-enabled Specialist
10;success program;Nathaniel;Eichmann;20035;3113;Maci_Ratke@hotmail.com;86435;Neck Liaison
